Concatenate,Sample ID,String,Site,Taxa,Binomial,Length_cm,Length_mm,Stage,Activity
N_Aluterus scriptus,PAL22_001,PAL22_01,N,Monacanthidae,Aluterus scriptus,19.7622,197.622,AD,Passing
N_Aluterus scriptus,PAL22_001,PAL22_01,N,Monacanthidae,Aluterus scriptus,19.622,196.22,AD,Passing
N_Psenes sp,PAL22_002,PAL22_01,N,Nomeidae,Psenes sp,2.6045,26.045,J,Passing
N_Decapterus sp,PAL22_003,PAL22_01,N,Carangidae,Decapterus sp,14.3163,143.163,AD,Passing
N_Decapterus sp,PAL22_003,PAL22_01,N,Carangidae,Decapterus sp,14.4519,144.519,AD,Passing
N_Decapterus sp,PAL22_003,PAL22_01,N,Carangidae,Decapterus sp,13.6744,136.744,AD,Passing
N_Decapterus sp,PAL22_003,PAL22_01,N,Carangidae,Decapterus sp,13.7707,137.707,AD,Passing
N_Decapterus sp,PAL22_004,PAL22_01,N,Carangidae,Decapterus sp,15.9709,159.709,AD,Passing
N_Decapterus sp,PAL22_004,PAL22_01,N,Carangidae,Decapterus sp,15.1138,151.138,AD,Passing
N_Decapterus sp,PAL22_004,PAL22_01,N,Carangidae,Decapterus sp,14.9525,149.525,AD,Passing
N_Decapterus sp,PAL22_004,PAL22_01,N,Carangidae,Decapterus sp,14.7768,147.768,AD,Passing
N_Decapterus sp,PAL22_004,PAL22_01,N,Carangidae,Decapterus sp,15.7524,157.524,AD,Passing
N_Cheloniidae sp,PAL22_006,PAL22_02,N,Cheloniidae,Cheloniidae sp,90.0327,900.327,AD,Passing
N_Psenes sp,PAL22_006,PAL22_02,N,Nomeidae,Psenes sp,1.2619,12.619,AD,Passing
N_Decapterus sp,PAL22_007,PAL22_02,N,Carangidae,Decapterus sp,16.2299,162.299,AD,Passing
N_Decapterus sp,PAL22_007,PAL22_02,N,Carangidae,Decapterus sp,16.2716,162.716,AD,Passing
N_Decapterus sp,PAL22_007,PAL22_02,N,Carangidae,Decapterus sp,17.0478,170.478,AD,Passing
N_Decapterus sp,PAL22_007,PAL22_02,N,Carangidae,Decapterus sp,17.6853,176.853,AD,Passing
N_Decapterus sp,PAL22_007,PAL22_02,N,Carangidae,Decapterus sp,16.848,168.48,AD,Passing
N_Decapterus sp,PAL22_007,PAL22_02,N,Carangidae,Decapterus sp,14.5591,145.591,AD,Passing
N_Decapterus sp,PAL22_007,PAL22_02,N,Carangidae,Decapterus sp,17.1901,171.901,AD,Passing
N_Decapterus sp,PAL22_007,PAL22_02,N,Carangidae,Decapterus sp,16.2578,162.578,AD,Passing
N_Decapterus sp,PAL22_007,PAL22_02,N,Carangidae,Decapterus sp,18.4529,184.529,AD,Passing
N_Decapterus sp,PAL22_007,PAL22_02,N,Carangidae,Decapterus sp,16.3943,163.943,AD,Passing
N_Decapterus sp,PAL22_007,PAL22_02,N,Carangidae,Decapterus sp,15.3507,153.507,AD,Passing
N_Decapterus sp,PAL22_007,PAL22_02,N,Carangidae,Decapterus sp,15.704,157.04,AD,Passing
N_Decapterus sp,PAL22_007,PAL22_02,N,Carangidae,Decapterus sp,16.7391,167.391,AD,Passing
N_Coryphaena equiselis,PAL22_008,PAL22_02,N,Coryphaenidae,Coryphaena equiselis,23.1843,231.843,AD,Passing
N_Coryphaena equiselis,PAL22_008,PAL22_02,N,Coryphaenidae,Coryphaena equiselis,22.5365,225.365,AD,Passing
N_Coryphaena equiselis,PAL22_008,PAL22_02,N,Coryphaenidae,Coryphaena equiselis,21.8623,218.623,AD,Passing
N_Coryphaena equiselis,PAL22_009,PAL22_02,N,Coryphaenidae,Coryphaena equiselis,23.5251,235.251,AD,Passing
N_Coryphaena equiselis,PAL22_009,PAL22_02,N,Coryphaenidae,Coryphaena equiselis,26.3267,263.267,AD,Passing
N_Coryphaena equiselis,PAL22_009,PAL22_02,N,Coryphaenidae,Coryphaena equiselis,22.072,220.72,AD,Passing
N_Coryphaena equiselis,PAL22_009,PAL22_02,N,Coryphaenidae,Coryphaena equiselis,25.2065,252.065,AD,Passing
N_Coryphaena equiselis,PAL22_009,PAL22_02,N,Coryphaenidae,Coryphaena equiselis,24.651,246.51,AD,Passing
N_Coryphaena equiselis,PAL22_009,PAL22_02,N,Coryphaenidae,Coryphaena equiselis,22.6646,226.646,AD,Passing
N_Coryphaena equiselis,PAL22_009,PAL22_02,N,Coryphaenidae,Coryphaena equiselis,25.02,250.2,AD,Passing
N_Coryphaena equiselis,PAL22_009,PAL22_02,N,Coryphaenidae,Coryphaena equiselis,24.2448,242.448,AD,Passing
N_Coryphaena equiselis,PAL22_009,PAL22_02,N,Coryphaenidae,Coryphaena equiselis,23.8713,238.713,AD,Passing
N_Coryphaena equiselis,PAL22_009,PAL22_02,N,Coryphaenidae,Coryphaena equiselis,26.3128,263.128,AD,Passing
N_Coryphaena equiselis,PAL22_009,PAL22_02,N,Coryphaenidae,Coryphaena equiselis,24.6024,246.024,AD,Passing
N_Coryphaena equiselis,PAL22_009,PAL22_02,N,Coryphaenidae,Coryphaena equiselis,22.6914,226.914,AD,Passing
N_Coryphaena equiselis,PAL22_009,PAL22_02,N,Coryphaenidae,Coryphaena equiselis,22.5741,225.741,AD,Passing
N_Coryphaena equiselis,PAL22_009,PAL22_02,N,Coryphaenidae,Coryphaena equiselis,24.4477,244.477,AD,Passing
N_Coryphaena equiselis,PAL22_009,PAL22_02,N,Coryphaenidae,Coryphaena equiselis,25.891,258.91,AD,Passing
N_Coryphaena equiselis,PAL22_009,PAL22_02,N,Coryphaenidae,Coryphaena equiselis,22.3438,223.438,AD,Passing
N_Coryphaena equiselis,PAL22_009,PAL22_02,N,Coryphaenidae,Coryphaena equiselis,23.0053,230.053,AD,Passing
N_Coryphaena equiselis,PAL22_009,PAL22_02,N,Coryphaenidae,Coryphaena equiselis,23.0543,230.543,AD,Passing
N_Coryphaena equiselis,PAL22_009,PAL22_02,N,Coryphaenidae,Coryphaena equiselis,23.2485,232.485,AD,Passing
N_Coryphaena equiselis,PAL22_009,PAL22_02,N,Coryphaenidae,Coryphaena equiselis,22.8638,228.638,AD,Passing
N_Coryphaena equiselis,PAL22_009,PAL22_02,N,Coryphaenidae,Coryphaena equiselis,28.0789,280.789,AD,Passing
N_Coryphaena equiselis,PAL22_009,PAL22_02,N,Coryphaenidae,Coryphaena equiselis,26.1438,261.438,AD,Passing
N_Coryphaena equiselis,PAL22_009,PAL22_02,N,Coryphaenidae,Coryphaena equiselis,22.3693,223.693,AD,Passing
N_Coryphaena equiselis,PAL22_009,PAL22_02,N,Coryphaenidae,Coryphaena equiselis,25.0691,250.691,AD,Passing
N_Coryphaena equiselis,PAL22_009,PAL22_02,N,Coryphaenidae,Coryphaena equiselis,22.5476,225.476,AD,Passing
N_Coryphaena equiselis,PAL22_009,PAL22_02,N,Coryphaenidae,Coryphaena equiselis,23.7461,237.461,AD,Passing
N_Coryphaena equiselis,PAL22_009,PAL22_02,N,Coryphaenidae,Coryphaena equiselis,24.7054,247.054,AD,Passing
N_Coryphaena equiselis,PAL22_009,PAL22_02,N,Coryphaenidae,Coryphaena equiselis,29.8729,298.729,AD,Passing
N_Coryphaena equiselis,PAL22_009,PAL22_02,N,Coryphaenidae,Coryphaena equiselis,27.9288,279.288,AD,Passing
N_Coryphaena equiselis,PAL22_009,PAL22_02,N,Coryphaenidae,Coryphaena equiselis,23.1262,231.262,AD,Passing
N_Psenes sp,PAL22_010,PAL22_02,N,Nomeidae,Psenes sp,2.0037,20.037,AD,Passing
N_Elagatis bipinnulata,PAL22_017,PAL22_04,N,Carangidae,Elagatis bipinnulata,28.657,286.57,AD,Passing
N_Canthidermis maculata,PAL22_018,PAL22_04,N,Balistidae,Canthidermis maculata,22.4313,224.313,AD,Passing
N_Canthidermis maculata,PAL22_018,PAL22_04,N,Balistidae,Canthidermis maculata,30.0961,300.961,AD,Passing
N_Canthidermis maculata,PAL22_019,PAL22_04,N,Balistidae,Canthidermis maculata,24.2254,242.254,AD,Passing
N_Canthidermis maculata,PAL22_019,PAL22_04,N,Balistidae,Canthidermis maculata,23.9007,239.007,AD,Passing
N_Canthidermis maculata,PAL22_019,PAL22_04,N,Balistidae,Canthidermis maculata,25.1388,251.388,AD,Passing
N_Canthidermis maculata,PAL22_019,PAL22_04,N,Balistidae,Canthidermis maculata,27.4556,274.556,AD,Passing
N_Canthidermis maculata,PAL22_019,PAL22_04,N,Balistidae,Canthidermis maculata,27.005,270.05,AD,Passing
N_Canthidermis maculata,PAL22_022,PAL22_05,N,Balistidae,Canthidermis maculata,29.2442,292.442,AD,Passing
N_Canthidermis maculata,PAL22_023,PAL22_05,N,Balistidae,Canthidermis maculata,22.0256,220.256,AD,Passing
N_Canthidermis maculata,PAL22_023,PAL22_05,N,Balistidae,Canthidermis maculata,23.8507,238.507,AD,Passing
N_Canthidermis maculata,PAL22_023,PAL22_05,N,Balistidae,Canthidermis maculata,27.8136,278.136,AD,Passing
N_Canthidermis maculata,PAL22_023,PAL22_05,N,Balistidae,Canthidermis maculata,22.8803,228.803,AD,Passing
N_Canthidermis maculata,PAL22_023,PAL22_05,N,Balistidae,Canthidermis maculata,21.95,219.5,AD,Passing
N_Canthidermis maculata,PAL22_023,PAL22_05,N,Balistidae,Canthidermis maculata,23.2468,232.468,AD,Passing
N_Canthidermis maculata,PAL22_023,PAL22_05,N,Balistidae,Canthidermis maculata,21.8854,218.854,AD,Passing
N_Canthidermis maculata,PAL22_023,PAL22_05,N,Balistidae,Canthidermis maculata,21.3228,213.228,AD,Passing
N_Canthidermis maculata,PAL22_023,PAL22_05,N,Balistidae,Canthidermis maculata,23.7136,237.136,AD,Passing
N_Canthidermis maculata,PAL22_023,PAL22_05,N,Balistidae,Canthidermis maculata,23.1064,231.064,AD,Passing
N_Canthidermis maculata,PAL22_023,PAL22_05,N,Balistidae,Canthidermis maculata,22.8397,228.397,AD,Passing
N_Decapterus sp,PAL22_026,PAL22_06,N,Carangidae,Decapterus sp,16.4026,164.026,J,Passing
N_Coryphaena hippurus,PAL22_026,PAL22_06,N,Coryphaenidae,Coryphaena hippurus,47.6162,476.162,F,Passing
N_Coryphaena hippurus,PAL22_026,PAL22_06,N,Coryphaenidae,Coryphaena hippurus,48.1633,481.633,F,Passing
N_Canthidermis maculata,PAL22_027,PAL22_06,N,Balistidae,Canthidermis maculata,26.4524,264.524,AD,Passing
N_Canthidermis maculata,PAL22_027,PAL22_06,N,Balistidae,Canthidermis maculata,23.2632,232.632,AD,Passing
N_Canthidermis maculata,PAL22_027,PAL22_06,N,Balistidae,Canthidermis maculata,27.1668,271.668,AD,Passing
N_Psenes sp,PAL22_028,PAL22_06,N,Nomeidae,Psenes sp,2.6836,26.836,AD,Passing
N_Canthidermis maculata,PAL22_028,PAL22_06,N,Balistidae,Canthidermis maculata,26.5716,265.716,AD,Passing
N_Canthidermis maculata,PAL22_028,PAL22_06,N,Balistidae,Canthidermis maculata,17.0458,170.458,AD,Passing
N_Canthidermis maculata,PAL22_028,PAL22_06,N,Balistidae,Canthidermis maculata,19.9866,199.866,AD,Passing
N_Canthidermis maculata,PAL22_028,PAL22_06,N,Balistidae,Canthidermis maculata,27.283,272.83,AD,Passing
N_Canthidermis maculata,PAL22_028,PAL22_06,N,Balistidae,Canthidermis maculata,19.2635,192.635,AD,Passing
N_Canthidermis maculata,PAL22_029,PAL22_06,N,Balistidae,Canthidermis maculata,27.5494,275.494,AD,Passing
N_Canthidermis maculata,PAL22_029,PAL22_06,N,Balistidae,Canthidermis maculata,29.2519,292.519,AD,Passing
N_Juvenile sp,PAL22_029,PAL22_06,N,Juvenile,Juvenile sp,1.3559,13.559,AD,Passing
N_Canthidermis maculata,PAL22_030,PAL22_06,N,Balistidae,Canthidermis maculata,29.5797,295.797,AD,Passing
N_Canthidermis maculata,PAL22_031,PAL22_07,N,Balistidae,Canthidermis maculata,28.3615,283.615,AD,Passing
N_Canthidermis maculata,PAL22_032,PAL22_07,N,Balistidae,Canthidermis maculata,27.6554,276.554,AD,Passing
N_Canthidermis maculata,PAL22_033,PAL22_07,N,Balistidae,Canthidermis maculata,27.6951,276.951,AD,Passing
N_Canthidermis maculata,PAL22_034,PAL22_07,N,Balistidae,Canthidermis maculata,30.4603,304.603,AD,Passing
W_Balistidae sp,PAL22_041,PAL22_09,W,Balistidae,Balistidae sp,14.0935,140.935,J,Passing
W_Psenes sp,PAL22_041,PAL22_09,W,Nomeidae,Psenes sp,4.2736,42.736,J,Passing
W_Aluterus monoceros,PAL22_043,PAL22_09,W,Monacanthidae,Aluterus monoceros,24.5397,245.397,AD,Passing
W_Psenes sp,PAL22_044,PAL22_09,W,Nomeidae,Psenes sp,3.2976,32.976,AD,Passing
W_Priacanthus sp,PAL22_044,PAL22_09,W,Priacanthidae,Priacanthus sp,3.6607,36.607,AD,Passing
W_Canthidermis maculata,PAL22_047,PAL22_10,W,Balistidae,Canthidermis maculata,32.2879,322.879,AD,Passing
W_Aluterus scriptus,PAL22_047,PAL22_10,W,Monacanthidae,Aluterus scriptus,26.5388,265.388,AD,Passing
W_Canthidermis maculata,PAL22_048,PAL22_10,W,Balistidae,Canthidermis maculata,23.4382,234.382,AD,Passing
W_Canthidermis maculata,PAL22_049,PAL22_10,W,Balistidae,Canthidermis maculata,18.574,185.74,AD,Passing
W_Canthidermis maculata,PAL22_049,PAL22_10,W,Balistidae,Canthidermis maculata,17.2975,172.975,AD,Passing
W_Canthidermis maculata,PAL22_049,PAL22_10,W,Balistidae,Canthidermis maculata,19.7355,197.355,AD,Passing
W_Canthidermis maculata,PAL22_049,PAL22_10,W,Balistidae,Canthidermis maculata,18.3427,183.427,AD,Passing
W_Canthidermis maculata,PAL22_049,PAL22_10,W,Balistidae,Canthidermis maculata,23.1181,231.181,AD,Passing
W_Canthidermis maculata,PAL22_049,PAL22_10,W,Balistidae,Canthidermis maculata,18.8852,188.852,AD,Passing
W_Canthidermis maculata,PAL22_049,PAL22_10,W,Balistidae,Canthidermis maculata,20.6827,206.827,AD,Passing
W_Canthidermis maculata,PAL22_054,PAL22_11,W,Balistidae,Canthidermis maculata,23.6307,236.307,AD,Feeding
W_Decapterus sp,PAL22_056,PAL22_12,W,Carangidae,Decapterus sp,4.2137,42.137,J,Passing
W_Caranx sp,PAL22_056,PAL22_12,W,Carangidae,Caranx sp,15.4428,154.428,AD,Passing
W_Gymnosarda unicolor,PAL22_059,PAL22_12,W,Scombridae,Gymnosarda unicolor,36.511,365.11,AD,Feeding
W_Canthidermis maculata,PAL22_059,PAL22_12,W,Balistidae,Canthidermis maculata,21.4106,214.106,AD,Feeding
W_Psenes sp,PAL22_060,PAL22_12,W,Nomeidae,Psenes sp,1.8187,18.187,J,Passing
W_Decapterus sp,PAL22_061,PAL22_13,W,Carangidae,Decapterus sp,4.9134,49.134,J,Passing
W_Canthidermis maculata,PAL22_062,PAL22_13,W,Balistidae,Canthidermis maculata,28.9452,289.452,AD,Feeding
W_Canthidermis maculata,PAL22_062,PAL22_13,W,Balistidae,Canthidermis maculata,17.8148,178.148,AD,Passing
W_Caranx sp,PAL22_063,PAL22_13,W,Carangidae,Caranx sp,6.7769,67.769,J,Passing
W_Psenes sp,PAL22_065,PAL22_13,W,Nomeidae,Psenes sp,5.8348,58.348,J,Passing
W_Psenes sp,PAL22_067,PAL22_14,W,Nomeidae,Psenes sp,2.5121,25.121,J,Passing
W_Decapterus sp,PAL22_068,PAL22_14,W,Carangidae,Decapterus sp,4.1589,41.589,J,Passing
W_Decapterus sp,PAL22_068,PAL22_14,W,Carangidae,Decapterus sp,9.653,96.53,J,Passing
W_Decapterus sp,PAL22_068,PAL22_14,W,Carangidae,Decapterus sp,9.3371,93.371,J,Passing
W_Aluterus scriptus,PAL22_068,PAL22_14,W,Monacanthidae,Aluterus scriptus,29.5492,295.492,AD,Passing
W_Canthidermis maculata,PAL22_069,PAL22_14,W,Balistidae,Canthidermis maculata,24.747,247.47,AD,Passing
W_Canthidermis maculata,PAL22_070,PAL22_14,W,Balistidae,Canthidermis maculata,24.6006,246.006,AD,Passing
W_Canthidermis maculata,PAL22_070,PAL22_14,W,Balistidae,Canthidermis maculata,18.5801,185.801,AD,Passing
W_Canthidermis maculata,PAL22_070,PAL22_14,W,Balistidae,Canthidermis maculata,18.384,183.84,AD,Passing
W_Psenes sp,PAL22_070,PAL22_14,W,Nomeidae,Psenes sp,1.3088,13.088,J,Passing
W_Aluterus scriptus,PAL22_070,PAL22_14,W,Monacanthidae,Aluterus scriptus,23.3094,233.094,AD,Passing
W_Aluterus scriptus,PAL22_070,PAL22_14,W,Monacanthidae,Aluterus scriptus,27.6765,276.765,AD,Passing
W_Decapterus sp,PAL22_072,PAL22_15,W,Carangidae,Decapterus sp,18.6416,186.416,AD,Passing
W_Canthidermis maculata,PAL22_072,PAL22_15,W,Balistidae,Canthidermis maculata,14.5924,145.924,AD,Feeding
W_Canthidermis maculata,PAL22_072,PAL22_15,W,Balistidae,Canthidermis maculata,18.7469,187.469,AD,Feeding
W_Canthidermis maculata,PAL22_072,PAL22_15,W,Balistidae,Canthidermis maculata,21.9562,219.562,AD,Feeding
W_Canthidermis maculata,PAL22_073,PAL22_15,W,Balistidae,Canthidermis maculata,16.6682,166.682,AD,Passing
W_Canthidermis maculata,PAL22_073,PAL22_15,W,Balistidae,Canthidermis maculata,23.5309,235.309,AD,Passing
W_Canthidermis maculata,PAL22_073,PAL22_15,W,Balistidae,Canthidermis maculata,21.9501,219.501,AD,Passing
W_Canthidermis maculata,PAL22_073,PAL22_15,W,Balistidae,Canthidermis maculata,20.9071,209.071,AD,Passing
W_Canthidermis maculata,PAL22_073,PAL22_15,W,Balistidae,Canthidermis maculata,19.6057,196.057,AD,Passing
W_Canthidermis maculata,PAL22_073,PAL22_15,W,Balistidae,Canthidermis maculata,23.6985,236.985,AD,Passing
W_Canthidermis maculata,PAL22_073,PAL22_15,W,Balistidae,Canthidermis maculata,21.7374,217.374,AD,Passing
W_Canthidermis maculata,PAL22_073,PAL22_15,W,Balistidae,Canthidermis maculata,22.9145,229.145,AD,Passing
W_Seriola rivoliana,PAL22_073,PAL22_15,W,Carangidae,Seriola rivoliana,13.5489,135.489,J,Passing
W_Aluterus monoceros,PAL22_073,PAL22_15,W,Monacanthidae,Aluterus monoceros,12.6195,126.195,AD,Passing
W_Caranx sp,PAL22_074,PAL22_15,W,Carangidae,Caranx sp,13.6548,136.548,J,Passing
W_Caranx sp,PAL22_074,PAL22_15,W,Carangidae,Caranx sp,11.8681,118.681,J,Passing
W_Caranx sp,PAL22_074,PAL22_15,W,Carangidae,Caranx sp,13.229,132.29,J,Passing
W_Decapterus sp,PAL22_074,PAL22_15,W,Carangidae,Decapterus sp,15.0965,150.965,AD,Passing
W_Decapterus sp,PAL22_074,PAL22_15,W,Carangidae,Decapterus sp,18.1311,181.311,AD,Passing
W_Decapterus sp,PAL22_074,PAL22_15,W,Carangidae,Decapterus sp,16.023,160.23,AD,Passing
W_Canthidermis maculata,PAL22_074,PAL22_15,W,Balistidae,Canthidermis maculata,25.4376,254.376,AD,Passing
W_Psenes cyanophrys,PAL22_074,PAL22_15,W,Nomeidae,Psenes cyanophrys,15.0549,150.549,AD,Passing
W_Psenes cyanophrys,PAL22_074,PAL22_15,W,Nomeidae,Psenes cyanophrys,15.3456,153.456,AD,Passing
W_Psenes cyanophrys,PAL22_074,PAL22_15,W,Nomeidae,Psenes cyanophrys,13.4937,134.937,AD,Passing
W_Psenes cyanophrys,PAL22_074,PAL22_15,W,Nomeidae,Psenes cyanophrys,16.1597,161.597,AD,Passing
W_Psenes cyanophrys,PAL22_074,PAL22_15,W,Nomeidae,Psenes cyanophrys,13.7218,137.218,AD,Passing
W_Psenes cyanophrys,PAL22_074,PAL22_15,W,Nomeidae,Psenes cyanophrys,14.6135,146.135,AD,Passing
W_Psenes cyanophrys,PAL22_074,PAL22_15,W,Nomeidae,Psenes cyanophrys,13.8307,138.307,AD,Passing
W_Psenes cyanophrys,PAL22_074,PAL22_15,W,Nomeidae,Psenes cyanophrys,15.8544,158.544,AD,Passing
W_Psenes cyanophrys,PAL22_074,PAL22_15,W,Nomeidae,Psenes cyanophrys,13.9606,139.606,AD,Passing
W_Psenes cyanophrys,PAL22_074,PAL22_15,W,Nomeidae,Psenes cyanophrys,14.4174,144.174,AD,Passing
W_Psenes cyanophrys,PAL22_074,PAL22_15,W,Nomeidae,Psenes cyanophrys,14.5942,145.942,AD,Passing
W_Psenes cyanophrys,PAL22_074,PAL22_15,W,Nomeidae,Psenes cyanophrys,14.5488,145.488,AD,Passing
W_Psenes cyanophrys,PAL22_074,PAL22_15,W,Nomeidae,Psenes cyanophrys,13.24,132.4,AD,Passing
W_Psenes cyanophrys,PAL22_074,PAL22_15,W,Nomeidae,Psenes cyanophrys,12.5497,125.497,AD,Passing
W_Decapterus sp,PAL22_075,PAL22_15,W,Carangidae,Decapterus sp,16.8466,168.466,AD,Passing
W_Decapterus sp,PAL22_075,PAL22_15,W,Carangidae,Decapterus sp,13.768,137.68,AD,Passing
W_Decapterus sp,PAL22_075,PAL22_15,W,Carangidae,Decapterus sp,15.7388,157.388,AD,Passing
W_Decapterus sp,PAL22_075,PAL22_15,W,Carangidae,Decapterus sp,26.5414,265.414,AD,Passing
W_Decapterus sp,PAL22_075,PAL22_15,W,Carangidae,Decapterus sp,13.6953,136.953,AD,Passing
W_Decapterus sp,PAL22_075,PAL22_15,W,Carangidae,Decapterus sp,15.7883,157.883,AD,Passing
W_Decapterus sp,PAL22_075,PAL22_15,W,Carangidae,Decapterus sp,14.7798,147.798,AD,Passing
W_Decapterus sp,PAL22_075,PAL22_15,W,Carangidae,Decapterus sp,13.729,137.29,AD,Passing
W_Decapterus sp,PAL22_075,PAL22_15,W,Carangidae,Decapterus sp,14.0733,140.733,AD,Passing
W_Decapterus sp,PAL22_075,PAL22_15,W,Carangidae,Decapterus sp,15.0583,150.583,AD,Passing
W_Decapterus sp,PAL22_075,PAL22_15,W,Carangidae,Decapterus sp,13.5112,135.112,AD,Passing
W_Decapterus sp,PAL22_075,PAL22_15,W,Carangidae,Decapterus sp,16.0361,160.361,AD,Passing
W_Decapterus sp,PAL22_075,PAL22_15,W,Carangidae,Decapterus sp,16.3576,163.576,AD,Passing
W_Decapterus sp,PAL22_075,PAL22_15,W,Carangidae,Decapterus sp,15.7211,157.211,AD,Passing
W_Decapterus sp,PAL22_075,PAL22_15,W,Carangidae,Decapterus sp,15.0217,150.217,AD,Passing
W_Decapterus sp,PAL22_075,PAL22_15,W,Carangidae,Decapterus sp,14.0893,140.893,AD,Passing
W_Decapterus sp,PAL22_075,PAL22_15,W,Carangidae,Decapterus sp,13.6958,136.958,AD,Passing
W_Decapterus sp,PAL22_075,PAL22_15,W,Carangidae,Decapterus sp,16.4199,164.199,AD,Passing
W_Decapterus sp,PAL22_075,PAL22_15,W,Carangidae,Decapterus sp,16.1633,161.633,AD,Passing
W_Decapterus sp,PAL22_075,PAL22_15,W,Carangidae,Decapterus sp,13.7977,137.977,AD,Passing
W_Decapterus sp,PAL22_075,PAL22_15,W,Carangidae,Decapterus sp,16.6274,166.274,AD,Passing
W_Decapterus sp,PAL22_075,PAL22_15,W,Carangidae,Decapterus sp,14.4448,144.448,AD,Passing
W_Decapterus sp,PAL22_075,PAL22_15,W,Carangidae,Decapterus sp,16.4628,164.628,AD,Passing
W_Decapterus sp,PAL22_075,PAL22_15,W,Carangidae,Decapterus sp,13.4056,134.056,AD,Passing
W_Decapterus sp,PAL22_075,PAL22_15,W,Carangidae,Decapterus sp,15.4586,154.586,AD,Passing
W_Decapterus sp,PAL22_075,PAL22_15,W,Carangidae,Decapterus sp,14.3759,143.759,AD,Passing
W_Decapterus sp,PAL22_075,PAL22_15,W,Carangidae,Decapterus sp,18.2376,182.376,AD,Passing
W_Decapterus sp,PAL22_075,PAL22_15,W,Carangidae,Decapterus sp,17.1667,171.667,AD,Passing
W_Decapterus sp,PAL22_075,PAL22_15,W,Carangidae,Decapterus sp,14.6906,146.906,AD,Passing
W_Decapterus sp,PAL22_075,PAL22_15,W,Carangidae,Decapterus sp,14.7439,147.439,AD,Passing
W_Decapterus sp,PAL22_075,PAL22_15,W,Carangidae,Decapterus sp,14.5098,145.098,AD,Passing
W_Decapterus sp,PAL22_075,PAL22_15,W,Carangidae,Decapterus sp,15.2213,152.213,AD,Passing
W_Decapterus sp,PAL22_075,PAL22_15,W,Carangidae,Decapterus sp,13.8615,138.615,AD,Passing
W_Decapterus sp,PAL22_075,PAL22_15,W,Carangidae,Decapterus sp,15.9694,159.694,AD,Passing
W_Selar crumenophthalmus,PAL22_075,PAL22_15,W,Carangidae,Selar crumenophthalmus,20.3564,203.564,J,Passing
W_Selar crumenophthalmus,PAL22_075,PAL22_15,W,Carangidae,Selar crumenophthalmus,22.1743,221.743,J,Passing
W_Selar crumenophthalmus,PAL22_075,PAL22_15,W,Carangidae,Selar crumenophthalmus,20.1214,201.214,J,Passing
W_Decapterus sp,PAL22_075,PAL22_15,W,Carangidae,Decapterus sp,15.6097,156.097,AD,Passing
W_Decapterus sp,PAL22_075,PAL22_15,W,Carangidae,Decapterus sp,15.7021,157.021,AD,Passing
W_Selar crumenophthalmus,PAL22_075,PAL22_15,W,Carangidae,Selar crumenophthalmus,22.1641,221.641,J,Passing
W_Psenes cyanophrys,PAL22_075,PAL22_15,W,Nomeidae,Psenes cyanophrys,14.4272,144.272,J,Passing
W_Psenes cyanophrys,PAL22_075,PAL22_15,W,Nomeidae,Psenes cyanophrys,12.9844,129.844,J,Passing
W_Psenes cyanophrys,PAL22_075,PAL22_15,W,Nomeidae,Psenes cyanophrys,14.5449,145.449,J,Passing
W_Psenes cyanophrys,PAL22_075,PAL22_15,W,Nomeidae,Psenes cyanophrys,14.0694,140.694,J,Passing
W_Psenes cyanophrys,PAL22_075,PAL22_15,W,Nomeidae,Psenes cyanophrys,15.2787,152.787,J,Passing
W_Psenes cyanophrys,PAL22_075,PAL22_15,W,Nomeidae,Psenes cyanophrys,14.8662,148.662,J,Passing
W_Psenes cyanophrys,PAL22_075,PAL22_15,W,Nomeidae,Psenes cyanophrys,13.0802,130.802,J,Passing
W_Psenes cyanophrys,PAL22_075,PAL22_15,W,Nomeidae,Psenes cyanophrys,14.294,142.94,J,Passing
W_Psenes cyanophrys,PAL22_075,PAL22_15,W,Nomeidae,Psenes cyanophrys,15.1403,151.403,J,Passing
W_Psenes cyanophrys,PAL22_075,PAL22_15,W,Nomeidae,Psenes cyanophrys,12.9135,129.135,J,Passing
W_Psenes cyanophrys,PAL22_075,PAL22_15,W,Nomeidae,Psenes cyanophrys,15.8469,158.469,J,Passing
W_Psenes cyanophrys,PAL22_075,PAL22_15,W,Nomeidae,Psenes cyanophrys,13.9707,139.707,J,Passing
W_Psenes cyanophrys,PAL22_075,PAL22_15,W,Nomeidae,Psenes cyanophrys,13.9454,139.454,J,Passing
W_Canthidermis maculata,PAL22_075,PAL22_15,W,Balistidae,Canthidermis maculata,23.9764,239.764,AD,Passing
W_Psenes cyanophrys,PAL22_077,PAL22_16,W,Nomeidae,Psenes cyanophrys,14.8015,148.015,AD,Passing
W_Psenes cyanophrys,PAL22_077,PAL22_16,W,Nomeidae,Psenes cyanophrys,12.3632,123.632,AD,Passing
W_Psenes cyanophrys,PAL22_077,PAL22_16,W,Nomeidae,Psenes cyanophrys,15.0929,150.929,AD,Passing
W_Psenes cyanophrys,PAL22_077,PAL22_16,W,Nomeidae,Psenes cyanophrys,14.1112,141.112,AD,Passing
W_Psenes cyanophrys,PAL22_077,PAL22_16,W,Nomeidae,Psenes cyanophrys,13.6877,136.877,AD,Passing
W_Psenes cyanophrys,PAL22_077,PAL22_16,W,Nomeidae,Psenes cyanophrys,14.9961,149.961,AD,Passing
W_Decapterus sp,PAL22_077,PAL22_16,W,Carangidae,Decapterus sp,17.7783,177.783,AD,Passing
W_Decapterus sp,PAL22_077,PAL22_16,W,Carangidae,Decapterus sp,17.6534,176.534,AD,Passing
W_Decapterus sp,PAL22_077,PAL22_16,W,Carangidae,Decapterus sp,18.0675,180.675,AD,Passing
W_Decapterus sp,PAL22_077,PAL22_16,W,Carangidae,Decapterus sp,18.7552,187.552,AD,Passing
W_Decapterus sp,PAL22_077,PAL22_16,W,Carangidae,Decapterus sp,18.2157,182.157,AD,Passing
W_Decapterus sp,PAL22_077,PAL22_16,W,Carangidae,Decapterus sp,20.3582,203.582,AD,Passing
W_Decapterus sp,PAL22_077,PAL22_16,W,Carangidae,Decapterus sp,18.6582,186.582,AD,Passing
W_Decapterus sp,PAL22_077,PAL22_16,W,Carangidae,Decapterus sp,19.3201,193.201,AD,Passing
W_Decapterus sp,PAL22_077,PAL22_16,W,Carangidae,Decapterus sp,8.695,86.95,AD,Passing
W_Canthidermis maculata,PAL22_077,PAL22_16,W,Balistidae,Canthidermis maculata,19.7701,197.701,AD,Passing
W_Canthidermis maculata,PAL22_077,PAL22_16,W,Balistidae,Canthidermis maculata,16.3367,163.367,AD,Passing
W_Canthidermis maculata,PAL22_077,PAL22_16,W,Balistidae,Canthidermis maculata,17.3088,173.088,AD,Passing
W_Canthidermis maculata,PAL22_077,PAL22_16,W,Balistidae,Canthidermis maculata,20.987,209.87,AD,Passing
W_Canthidermis maculata,PAL22_077,PAL22_16,W,Balistidae,Canthidermis maculata,17.6702,176.702,AD,Passing
W_Canthidermis maculata,PAL22_078,PAL22_16,W,Balistidae,Canthidermis maculata,20.1531,201.531,AD,Passing
W_Canthidermis maculata,PAL22_080,PAL22_16,W,Balistidae,Canthidermis maculata,30.2486,302.486,AD,Passing
S_Canthidermis maculata,PAL22_081,PAL22_17,S,Balistidae,Canthidermis maculata,28.0678,280.678,AD,Feeding
S_Coryphaena equiselis,PAL22_082,PAL22_17,S,Coryphaenidae,Coryphaena equiselis,25.8177,258.177,J,Passing
S_Psenes sp,PAL22_082,PAL22_17,S,Nomeidae,Psenes sp,2.8239,28.239,J,Passing
S_Canthidermis maculata,PAL22_083,PAL22_17,S,Balistidae,Canthidermis maculata,26.5934,265.934,AD,Feeding
S_Canthidermis maculata,PAL22_083,PAL22_17,S,Balistidae,Canthidermis maculata,21.6782,216.782,AD,Feeding
S_Psenes sp,PAL22_084,PAL22_17,S,Nomeidae,Psenes sp,1.1847,11.847,J,Passing
S_Psenes sp,PAL22_085,PAL22_17,S,Nomeidae,Psenes sp,1.8147,18.147,J,Passing
S_Psenes sp,PAL22_089,PAL22_18,S,Nomeidae,Psenes sp,2.0408,20.408,J,Passing
S_Psenes sp,PAL22_091,PAL22_19,S,Nomeidae,Psenes sp,1.3009,13.009,J,Passing
S_Canthidermis maculata,PAL22_092,PAL22_19,S,Balistidae,Canthidermis maculata,19.6981,196.981,AD,Passing
S_Canthidermis maculata,PAL22_093,PAL22_19,S,Balistidae,Canthidermis maculata,17.299,172.99,AD,Passing
S_Canthidermis maculata,PAL22_093,PAL22_19,S,Balistidae,Canthidermis maculata,15.0376,150.376,AD,Passing
S_Psenes sp,PAL22_096,PAL22_20,S,Nomeidae,Psenes sp,3.2919,32.919,J,Passing
S_Psenes sp,PAL22_098,PAL22_20,S,Nomeidae,Psenes sp,1.7886,17.886,J,Passing
S_Caranx sp,PAL22_099,PAL22_20,S,Carangidae,Caranx sp,7.2148,72.148,J,Passing
S_Aluterus monoceros,PAL22_106,PAL22_22,S,Monacanthidae,Aluterus monoceros,29.2687,292.687,AD,Passing
S_Psenes sp,PAL22_108,PAL22_22,S,Nomeidae,Psenes sp,1.8363,18.363,J,Passing
S_Makaira nigricans,PAL22_109,PAL22_22,S,Istiophoridae,Makaira nigricans,186.1699,1861.699,AD,Passing
S_Selar crumenophthalmus,PAL22_109,PAL22_22,S,Carangidae,Selar crumenophthalmus,7.5956,75.956,J,Passing
S_Decapterus sp,PAL22_109,PAL22_22,S,Carangidae,Decapterus sp,5.7535,57.535,J,Passing
S_Decapterus sp,PAL22_109,PAL22_22,S,Carangidae,Decapterus sp,5.5012,55.012,J,Passing
S_Decapterus sp,PAL22_109,PAL22_22,S,Carangidae,Decapterus sp,5.8359,58.359,J,Passing
S_Decapterus sp,PAL22_109,PAL22_22,S,Carangidae,Decapterus sp,6.2997,62.997,J,Passing
S_Decapterus sp,PAL22_109,PAL22_22,S,Carangidae,Decapterus sp,5.474,54.74,J,Passing
S_Decapterus sp,PAL22_109,PAL22_22,S,Carangidae,Decapterus sp,5.984,59.84,J,Passing
S_Decapterus sp,PAL22_111,PAL22_23,S,Carangidae,Decapterus sp,7.32,73.2,J,Passing
S_Caranx sp,PAL22_111,PAL22_23,S,Carangidae,Caranx sp,4.5861,45.861,J,Passing
S_Canthidermis maculata,PAL22_111,PAL22_23,S,Balistidae,Canthidermis maculata,26.3158,263.158,AD,Passing
S_Canthidermis maculata,PAL22_111,PAL22_23,S,Balistidae,Canthidermis maculata,20.1382,201.382,AD,Passing
S_Caranx sp,PAL22_117,PAL22_24,S,Carangidae,Caranx sp,6.3374,63.374,J,Passing
S_Caranx sp,PAL22_117,PAL22_24,S,Carangidae,Caranx sp,5.7193,57.193,J,Passing
S_Canthidermis maculata,PAL22_119,PAL22_24,S,Balistidae,Canthidermis maculata,20.4377,204.377,AD,Passing
S_Decapterus sp,PAL22_119,PAL22_24,S,Carangidae,Decapterus sp,6.0018,60.018,J,Passing
S_Decapterus sp,PAL22_119,PAL22_24,S,Carangidae,Decapterus sp,6.1236,61.236,J,Passing
S_Decapterus sp,PAL22_119,PAL22_24,S,Carangidae,Decapterus sp,9.3672,93.672,J,Passing
S_Decapterus sp,PAL22_119,PAL22_24,S,Carangidae,Decapterus sp,6.3907,63.907,J,Passing
S_Caranx sp,PAL22_119,PAL22_24,S,Carangidae,Caranx sp,6.4521,64.521,J,Passing
S_Coryphaena hippurus,PAL22_121,PAL22_25,S,Coryphaenidae,Coryphaena hippurus,69.2182,692.182,F,Passing
S_Coryphaena hippurus,PAL22_121,PAL22_25,S,Coryphaenidae,Coryphaena hippurus,74.5841,745.841,F,Passing
S_Coryphaena hippurus,PAL22_121,PAL22_25,S,Coryphaenidae,Coryphaena hippurus,88.0471,880.471,M,Passing
S_Decapterus sp,PAL22_121,PAL22_25,S,Carangidae,Decapterus sp,6.7888,67.888,J,Passing
S_Decapterus sp,PAL22_121,PAL22_25,S,Carangidae,Decapterus sp,5.6714,56.714,J,Passing
S_Decapterus sp,PAL22_121,PAL22_25,S,Carangidae,Decapterus sp,5.2801,52.801,J,Passing
S_Caranx sp,PAL22_121,PAL22_25,S,Carangidae,Caranx sp,5.7348,57.348,J,Passing
S_Coryphaena hippurus,PAL22_123,PAL22_25,S,Coryphaenidae,Coryphaena hippurus,78.8477,788.477,F,Passing
S_Coryphaena hippurus,PAL22_123,PAL22_25,S,Coryphaenidae,Coryphaena hippurus,77.9947,779.947,M,Passing
S_Decapterus sp,PAL22_126,PAL22_26,S,Carangidae,Decapterus sp,7.2255,72.255,J,Passing
S_Decapterus sp,PAL22_126,PAL22_26,S,Carangidae,Decapterus sp,7.2686,72.686,J,Passing
S_Decapterus sp,PAL22_126,PAL22_26,S,Carangidae,Decapterus sp,7.824,78.24,J,Passing
S_Decapterus sp,PAL22_126,PAL22_26,S,Carangidae,Decapterus sp,5.2344,52.344,J,Passing
S_Decapterus sp,PAL22_126,PAL22_26,S,Carangidae,Decapterus sp,7.1382,71.382,J,Passing
S_Decapterus sp,PAL22_126,PAL22_26,S,Carangidae,Decapterus sp,6.2205,62.205,J,Passing
S_Decapterus sp,PAL22_126,PAL22_26,S,Carangidae,Decapterus sp,6.8743,68.743,J,Passing
S_Psenes sp,PAL22_127,PAL22_26,S,Nomeidae,Psenes sp,3.9161,39.161,J,Passing
S_Caranx sp,PAL22_128,PAL22_26,S,Carangidae,Caranx sp,5.9175,59.175,J,Passing
S_Caranx sp,PAL22_128,PAL22_26,S,Carangidae,Caranx sp,6.3639,63.639,J,Passing
S_Caranx sp,PAL22_128,PAL22_26,S,Carangidae,Caranx sp,5.6123,56.123,AD,Passing
S_Caranx sp,PAL22_128,PAL22_26,S,Carangidae,Caranx sp,5.9563,59.563,AD,Passing
S_Caranx sp,PAL22_130,PAL22_26,S,Carangidae,Caranx sp,6.2362,62.362,J,Passing
S_Decapterus sp,PAL22_130,PAL22_26,S,Carangidae,Decapterus sp,6.9099,69.099,J,Passing
S_Decapterus sp,PAL22_130,PAL22_26,S,Carangidae,Decapterus sp,4.6533,46.533,J,Passing
S_Decapterus sp,PAL22_130,PAL22_26,S,Carangidae,Decapterus sp,4.5162,45.162,J,Passing
S_Decapterus sp,PAL22_130,PAL22_26,S,Carangidae,Decapterus sp,5.297,52.97,J,Passing
S_Decapterus sp,PAL22_130,PAL22_26,S,Carangidae,Decapterus sp,7.2284,72.284,J,Passing
S_Decapterus sp,PAL22_130,PAL22_26,S,Carangidae,Decapterus sp,6.9436,69.436,J,Passing
S_Decapterus sp,PAL22_130,PAL22_26,S,Carangidae,Decapterus sp,6.1261,61.261,J,Passing
S_Decapterus sp,PAL22_130,PAL22_26,S,Carangidae,Decapterus sp,8.1507,81.507,J,Passing
S_Decapterus sp,PAL22_130,PAL22_26,S,Carangidae,Decapterus sp,4.4858,44.858,J,Passing
S_Decapterus sp,PAL22_130,PAL22_26,S,Carangidae,Decapterus sp,4.9205,49.205,J,Passing
S_Decapterus sp,PAL22_130,PAL22_26,S,Carangidae,Decapterus sp,6.8309,68.309,J,Passing
S_Decapterus sp,PAL22_130,PAL22_26,S,Carangidae,Decapterus sp,7.7066,77.066,J,Passing
S_Decapterus sp,PAL22_130,PAL22_26,S,Carangidae,Decapterus sp,6.3179,63.179,J,Passing
S_Coryphaena hippurus,PAL22_130,PAL22_26,S,Coryphaenidae,Coryphaena hippurus,85.7047,857.047,AD,Passing
S_Coryphaena hippurus,PAL22_130,PAL22_26,S,Coryphaenidae,Coryphaena hippurus,85.4578,854.578,AD,Passing
S_Coryphaena hippurus,PAL22_130,PAL22_26,S,Coryphaenidae,Coryphaena hippurus,80.2061,802.061,AD,Passing
S_Coryphaena hippurus,PAL22_130,PAL22_26,S,Coryphaenidae,Coryphaena hippurus,61.3666,613.666,M,Passing
S_Decapterus sp,PAL22_132,PAL22_27,S,Carangidae,Decapterus sp,5.51,55.1,J,Passing
S_Decapterus sp,PAL22_132,PAL22_27,S,Carangidae,Decapterus sp,5.2675,52.675,J,Passing
S_Decapterus sp,PAL22_132,PAL22_27,S,Carangidae,Decapterus sp,5.2906,52.906,J,Passing
S_Decapterus sp,PAL22_132,PAL22_27,S,Carangidae,Decapterus sp,5.2694,52.694,J,Passing
S_Decapterus sp,PAL22_132,PAL22_27,S,Carangidae,Decapterus sp,3.7462,37.462,J,Passing
S_Decapterus sp,PAL22_132,PAL22_27,S,Carangidae,Decapterus sp,4.5667,45.667,J,Passing
S_Decapterus sp,PAL22_132,PAL22_27,S,Carangidae,Decapterus sp,3.3532,33.532,J,Passing
S_Decapterus sp,PAL22_132,PAL22_27,S,Carangidae,Decapterus sp,3.7202,37.202,J,Passing
S_Decapterus sp,PAL22_132,PAL22_27,S,Carangidae,Decapterus sp,6.3102,63.102,J,Passing
S_Decapterus sp,PAL22_132,PAL22_27,S,Carangidae,Decapterus sp,1.9246,19.246,J,Passing
S_Decapterus sp,PAL22_132,PAL22_27,S,Carangidae,Decapterus sp,4.618,46.18,J,Passing
S_Decapterus sp,PAL22_132,PAL22_27,S,Carangidae,Decapterus sp,6.9925,69.925,J,Passing
S_Decapterus sp,PAL22_132,PAL22_27,S,Carangidae,Decapterus sp,6.0326,60.326,J,Passing
S_Decapterus sp,PAL22_132,PAL22_27,S,Carangidae,Decapterus sp,6.6169,66.169,J,Passing
S_Decapterus sp,PAL22_133,PAL22_27,S,Carangidae,Decapterus sp,6.7601,67.601,J,Passing
S_Decapterus sp,PAL22_133,PAL22_27,S,Carangidae,Decapterus sp,10.0104,100.104,J,Passing
S_Decapterus sp,PAL22_133,PAL22_27,S,Carangidae,Decapterus sp,7.6666,76.666,J,Passing
S_Decapterus sp,PAL22_133,PAL22_27,S,Carangidae,Decapterus sp,7.2483,72.483,J,Passing
S_Decapterus sp,PAL22_133,PAL22_27,S,Carangidae,Decapterus sp,6.1449,61.449,J,Passing
S_Decapterus sp,PAL22_133,PAL22_27,S,Carangidae,Decapterus sp,6.5084,65.084,J,Passing
S_Decapterus sp,PAL22_133,PAL22_27,S,Carangidae,Decapterus sp,5.5022,55.022,J,Passing
S_Decapterus sp,PAL22_133,PAL22_27,S,Carangidae,Decapterus sp,7.8833,78.833,J,Passing
S_Decapterus sp,PAL22_133,PAL22_27,S,Carangidae,Decapterus sp,4.1938,41.938,J,Passing
S_Decapterus sp,PAL22_133,PAL22_27,S,Carangidae,Decapterus sp,6.7912,67.912,J,Passing
S_Decapterus sp,PAL22_133,PAL22_27,S,Carangidae,Decapterus sp,6.0559,60.559,J,Passing
S_Decapterus sp,PAL22_133,PAL22_27,S,Carangidae,Decapterus sp,6.3396,63.396,J,Passing
S_Decapterus sp,PAL22_133,PAL22_27,S,Carangidae,Decapterus sp,5.6967,56.967,J,Passing
S_Decapterus sp,PAL22_133,PAL22_27,S,Carangidae,Decapterus sp,6.167,61.67,J,Passing
S_Decapterus sp,PAL22_133,PAL22_27,S,Carangidae,Decapterus sp,7.7556,77.556,J,Passing
S_Psenes sp,PAL22_133,PAL22_27,S,Nomeidae,Psenes sp,2.8992,28.992,J,Passing
S_Decapterus sp,PAL22_134,PAL22_27,S,Carangidae,Decapterus sp,5.665,56.65,J,Passing
S_Decapterus sp,PAL22_134,PAL22_27,S,Carangidae,Decapterus sp,5.4294,54.294,J,Passing
S_Decapterus sp,PAL22_134,PAL22_27,S,Carangidae,Decapterus sp,5.2483,52.483,J,Passing
S_Decapterus sp,PAL22_134,PAL22_27,S,Carangidae,Decapterus sp,5.0683,50.683,J,Passing
S_Decapterus sp,PAL22_134,PAL22_27,S,Carangidae,Decapterus sp,6.0199,60.199,J,Passing
S_Decapterus sp,PAL22_134,PAL22_27,S,Carangidae,Decapterus sp,6.1121,61.121,J,Passing
S_Decapterus sp,PAL22_134,PAL22_27,S,Carangidae,Decapterus sp,6.2591,62.591,J,Passing
S_Decapterus sp,PAL22_134,PAL22_27,S,Carangidae,Decapterus sp,5.2941,52.941,J,Passing
S_Decapterus sp,PAL22_134,PAL22_27,S,Carangidae,Decapterus sp,5.3605,53.605,J,Passing
S_Decapterus sp,PAL22_134,PAL22_27,S,Carangidae,Decapterus sp,6.6303,66.303,J,Passing
S_Decapterus sp,PAL22_134,PAL22_27,S,Carangidae,Decapterus sp,6.0355,60.355,J,Passing
S_Decapterus sp,PAL22_134,PAL22_27,S,Carangidae,Decapterus sp,7.03,70.3,J,Passing
S_Decapterus sp,PAL22_134,PAL22_27,S,Carangidae,Decapterus sp,5.2411,52.411,J,Passing
S_Decapterus sp,PAL22_134,PAL22_27,S,Carangidae,Decapterus sp,5.7982,57.982,J,Passing
S_Decapterus sp,PAL22_135,PAL22_27,S,Carangidae,Decapterus sp,7.9816,79.816,J,Passing
S_Decapterus sp,PAL22_135,PAL22_27,S,Carangidae,Decapterus sp,6.7889,67.889,J,Passing
S_Decapterus sp,PAL22_135,PAL22_27,S,Carangidae,Decapterus sp,5.5977,55.977,J,Passing
S_Decapterus sp,PAL22_135,PAL22_27,S,Carangidae,Decapterus sp,5.8428,58.428,J,Passing
S_Decapterus sp,PAL22_135,PAL22_27,S,Carangidae,Decapterus sp,6.2634,62.634,J,Passing
S_Decapterus sp,PAL22_135,PAL22_27,S,Carangidae,Decapterus sp,6.5162,65.162,J,Passing
S_Decapterus sp,PAL22_135,PAL22_27,S,Carangidae,Decapterus sp,5.766,57.66,J,Passing
S_Decapterus sp,PAL22_135,PAL22_27,S,Carangidae,Decapterus sp,6.5626,65.626,J,Passing
S_Decapterus sp,PAL22_135,PAL22_27,S,Carangidae,Decapterus sp,6.9497,69.497,J,Passing
S_Decapterus sp,PAL22_135,PAL22_27,S,Carangidae,Decapterus sp,7.1228,71.228,J,Passing
S_Decapterus sp,PAL22_136,PAL22_28,S,Carangidae,Decapterus sp,5.8132,58.132,J,Passing
S_Decapterus sp,PAL22_136,PAL22_28,S,Carangidae,Decapterus sp,4.106,41.06,J,Passing
S_Decapterus sp,PAL22_136,PAL22_28,S,Carangidae,Decapterus sp,6.7053,67.053,J,Passing
S_Decapterus sp,PAL22_136,PAL22_28,S,Carangidae,Decapterus sp,10.7986,107.986,J,Passing
S_Decapterus sp,PAL22_136,PAL22_28,S,Carangidae,Decapterus sp,4.5513,45.513,J,Passing
S_Decapterus sp,PAL22_136,PAL22_28,S,Carangidae,Decapterus sp,4.3463,43.463,J,Passing
S_Decapterus sp,PAL22_136,PAL22_28,S,Carangidae,Decapterus sp,4.4174,44.174,J,Passing
S_Decapterus sp,PAL22_136,PAL22_28,S,Carangidae,Decapterus sp,6.7958,67.958,J,Passing
S_Decapterus sp,PAL22_136,PAL22_28,S,Carangidae,Decapterus sp,4.34,43.4,J,Passing
S_Decapterus sp,PAL22_136,PAL22_28,S,Carangidae,Decapterus sp,4.8411,48.411,J,Passing
S_Decapterus sp,PAL22_136,PAL22_28,S,Carangidae,Decapterus sp,3.5281,35.281,J,Passing
S_Decapterus sp,PAL22_136,PAL22_28,S,Carangidae,Decapterus sp,5.602,56.02,J,Passing
S_Decapterus sp,PAL22_136,PAL22_28,S,Carangidae,Decapterus sp,7.5533,75.533,J,Passing
S_Decapterus sp,PAL22_136,PAL22_28,S,Carangidae,Decapterus sp,2.5497,25.497,J,Passing
S_Decapterus sp,PAL22_136,PAL22_28,S,Carangidae,Decapterus sp,3.3798,33.798,J,Passing
S_Decapterus sp,PAL22_136,PAL22_28,S,Carangidae,Decapterus sp,5.316,53.16,J,Passing
S_Decapterus sp,PAL22_136,PAL22_28,S,Carangidae,Decapterus sp,4.4656,44.656,J,Passing
S_Decapterus sp,PAL22_136,PAL22_28,S,Carangidae,Decapterus sp,5.9537,59.537,J,Passing
S_Decapterus sp,PAL22_136,PAL22_28,S,Carangidae,Decapterus sp,5.4082,54.082,J,Passing
S_Decapterus sp,PAL22_136,PAL22_28,S,Carangidae,Decapterus sp,5.2265,52.265,J,Passing
S_Decapterus sp,PAL22_136,PAL22_28,S,Carangidae,Decapterus sp,24.2079,242.079,J,Passing
S_Decapterus sp,PAL22_136,PAL22_28,S,Carangidae,Decapterus sp,4.214,42.14,J,Passing
S_Decapterus sp,PAL22_136,PAL22_28,S,Carangidae,Decapterus sp,3.619,36.19,J,Passing
S_Masturus lanceolatus,PAL22_137,PAL22_28,S,Molidae,Masturus lanceolatus,147.0206,1470.206,AD,Passing
S_Decapterus sp,PAL22_137,PAL22_28,S,Carangidae,Decapterus sp,5.8455,58.455,J,Passing
S_Decapterus sp,PAL22_137,PAL22_28,S,Carangidae,Decapterus sp,5.7856,57.856,J,Passing
S_Decapterus sp,PAL22_137,PAL22_28,S,Carangidae,Decapterus sp,5.1318,51.318,J,Passing
S_Decapterus sp,PAL22_137,PAL22_28,S,Carangidae,Decapterus sp,2.3855,23.855,J,Passing
S_Decapterus sp,PAL22_137,PAL22_28,S,Carangidae,Decapterus sp,5.2463,52.463,J,Passing
S_Decapterus sp,PAL22_137,PAL22_28,S,Carangidae,Decapterus sp,8.9056,89.056,J,Passing
S_Decapterus sp,PAL22_137,PAL22_28,S,Carangidae,Decapterus sp,6.0844,60.844,J,Passing
S_Decapterus sp,PAL22_137,PAL22_28,S,Carangidae,Decapterus sp,5.7651,57.651,J,Passing
S_Decapterus sp,PAL22_137,PAL22_28,S,Carangidae,Decapterus sp,5.8978,58.978,J,Passing
S_Decapterus sp,PAL22_137,PAL22_28,S,Carangidae,Decapterus sp,5.6328,56.328,J,Passing
S_Decapterus sp,PAL22_137,PAL22_28,S,Carangidae,Decapterus sp,3.8693,38.693,J,Passing
S_Decapterus sp,PAL22_137,PAL22_28,S,Carangidae,Decapterus sp,6.4161,64.161,J,Passing
S_Decapterus sp,PAL22_137,PAL22_28,S,Carangidae,Decapterus sp,5.0245,50.245,J,Passing
S_Decapterus sp,PAL22_137,PAL22_28,S,Carangidae,Decapterus sp,13.5548,135.548,J,Passing
S_Decapterus sp,PAL22_137,PAL22_28,S,Carangidae,Decapterus sp,4.6222,46.222,J,Passing
S_Decapterus sp,PAL22_137,PAL22_28,S,Carangidae,Decapterus sp,5.8897,58.897,J,Passing
S_Decapterus sp,PAL22_137,PAL22_28,S,Carangidae,Decapterus sp,5.4666,54.666,J,Passing
S_Decapterus sp,PAL22_137,PAL22_28,S,Carangidae,Decapterus sp,6.281,62.81,J,Passing
S_Decapterus sp,PAL22_137,PAL22_28,S,Carangidae,Decapterus sp,3.9422,39.422,J,Passing
S_Decapterus sp,PAL22_137,PAL22_28,S,Carangidae,Decapterus sp,5.4273,54.273,J,Passing
S_Decapterus sp,PAL22_137,PAL22_28,S,Carangidae,Decapterus sp,5.8335,58.335,J,Passing
S_Decapterus sp,PAL22_137,PAL22_28,S,Carangidae,Decapterus sp,3.2026,32.026,J,Passing
S_Decapterus sp,PAL22_137,PAL22_28,S,Carangidae,Decapterus sp,7.2755,72.755,J,Passing
S_Psenes sp,PAL22_137,PAL22_28,S,Nomeidae,Psenes sp,1.6511,16.511,J,Passing
S_Decapterus sp,PAL22_138,PAL22_28,S,Carangidae,Decapterus sp,7.9293,79.293,J,Passing
S_Decapterus sp,PAL22_138,PAL22_28,S,Carangidae,Decapterus sp,6.0271,60.271,J,Passing
S_Decapterus sp,PAL22_138,PAL22_28,S,Carangidae,Decapterus sp,5.2765,52.765,J,Passing
S_Decapterus sp,PAL22_138,PAL22_28,S,Carangidae,Decapterus sp,4.8247,48.247,J,Passing
S_Decapterus sp,PAL22_138,PAL22_28,S,Carangidae,Decapterus sp,6.5868,65.868,J,Passing
S_Decapterus sp,PAL22_138,PAL22_28,S,Carangidae,Decapterus sp,5.3609,53.609,J,Passing
S_Decapterus sp,PAL22_138,PAL22_28,S,Carangidae,Decapterus sp,6.2421,62.421,J,Passing
S_Decapterus sp,PAL22_138,PAL22_28,S,Carangidae,Decapterus sp,5.7545,57.545,J,Passing
S_Decapterus sp,PAL22_138,PAL22_28,S,Carangidae,Decapterus sp,3.504,35.04,J,Passing
S_Decapterus sp,PAL22_138,PAL22_28,S,Carangidae,Decapterus sp,4.8002,48.002,J,Passing
S_Decapterus sp,PAL22_138,PAL22_28,S,Carangidae,Decapterus sp,4.1612,41.612,J,Passing
S_Decapterus sp,PAL22_138,PAL22_28,S,Carangidae,Decapterus sp,5.7422,57.422,J,Passing
S_Decapterus sp,PAL22_138,PAL22_28,S,Carangidae,Decapterus sp,2.8518,28.518,J,Passing
S_Decapterus sp,PAL22_138,PAL22_28,S,Carangidae,Decapterus sp,6.768,67.68,J,Passing
S_Decapterus sp,PAL22_138,PAL22_28,S,Carangidae,Decapterus sp,4.0879,40.879,J,Passing
S_Decapterus sp,PAL22_138,PAL22_28,S,Carangidae,Decapterus sp,3.6911,36.911,J,Passing
S_Decapterus sp,PAL22_138,PAL22_28,S,Carangidae,Decapterus sp,5.945,59.45,J,Passing
S_Decapterus sp,PAL22_138,PAL22_28,S,Carangidae,Decapterus sp,7.1924,71.924,J,Passing
S_Decapterus sp,PAL22_138,PAL22_28,S,Carangidae,Decapterus sp,4.8444,48.444,J,Passing
S_Decapterus sp,PAL22_138,PAL22_28,S,Carangidae,Decapterus sp,6.3786,63.786,J,Passing
S_Decapterus sp,PAL22_138,PAL22_28,S,Carangidae,Decapterus sp,4.952,49.52,J,Passing
S_Decapterus sp,PAL22_138,PAL22_28,S,Carangidae,Decapterus sp,6.5844,65.844,J,Passing
S_Decapterus sp,PAL22_138,PAL22_28,S,Carangidae,Decapterus sp,2.7003,27.003,J,Passing
S_Decapterus sp,PAL22_138,PAL22_28,S,Carangidae,Decapterus sp,7.0955,70.955,J,Passing
S_Decapterus sp,PAL22_139,PAL22_28,S,Carangidae,Decapterus sp,6.4476,64.476,J,Passing
S_Decapterus sp,PAL22_139,PAL22_28,S,Carangidae,Decapterus sp,4.8568,48.568,J,Passing
S_Decapterus sp,PAL22_139,PAL22_28,S,Carangidae,Decapterus sp,6.3757,63.757,J,Passing
S_Decapterus sp,PAL22_139,PAL22_28,S,Carangidae,Decapterus sp,6.3123,63.123,J,Passing
S_Decapterus sp,PAL22_139,PAL22_28,S,Carangidae,Decapterus sp,6.6042,66.042,J,Passing
S_Decapterus sp,PAL22_139,PAL22_28,S,Carangidae,Decapterus sp,6.0717,60.717,J,Passing
S_Decapterus sp,PAL22_139,PAL22_28,S,Carangidae,Decapterus sp,5.5794,55.794,J,Passing
S_Decapterus sp,PAL22_139,PAL22_28,S,Carangidae,Decapterus sp,4.9225,49.225,J,Passing
S_Decapterus sp,PAL22_139,PAL22_28,S,Carangidae,Decapterus sp,6.1562,61.562,J,Passing
S_Decapterus sp,PAL22_139,PAL22_28,S,Carangidae,Decapterus sp,5.1422,51.422,J,Passing
